"Hemisphere","DktRegion","Pipeline","Accuracy"
"Left","ENT","FSLong",3.62247412651315
"Left","ENT","FSLong",7.48653834350461
"Left","ENT","FSLong",4.05073210931931
"Left","ENT","FSLong",4.78921070397822
"Left","ENT","FSLong",3.95906720332948
"Left","ENT","FSLong",2.94153091350257
"Left","ENT","FSLong",3.77524272616575
"Left","ENT","FSLong",5.77042646664808
"Left","ENT","FSLong",5.17539924754842
"Left","ENT","FSLong",5.51797738297084
"Left","ENT","FSLong",4.16003291087747
"Left","ENT","FSLong",4.64952782910136
"Left","ENT","FSLong",4.43264746025759
"Left","ENT","FSLong",5.44101258956277
"Left","ENT","FSLong",5.22126677387716
"Left","ENT","FSLong",3.87615461494639
"Left","ENT","FSLong",6.14812828779454
"Left","ENT","FSLong",4.7306188047119
"Left","ENT","FSLong",5.4308020311944
"Left","ENT","FSLong",4.60563139431297
"Left","ENT","FSLong",3.28253798783222
"Left","ENT","FSLong",3.98080056882875
"Left","ENT","FSLong",4.63523531317943
"Left","ENT","FSLong",4.27398859811437
"Left","ENT","FSLong",3.89133303766416
"Left","ENT","FSLong",5.65863454720682
"Left","ENT","FSLong",6.34395071497067
"Left","ENT","FSLong",5.73161860479497
"Left","ENT","FSLong",5.59039425322313
"Left","ENT","FSLong",5.53108872507634
"Left","ENT","FSLong",4.35915390666574
"Left","ENT","FSLong",4.99626968821376
"Left","ENT","FSLong",5.25790192013355
"Left","ENT","FSLong",6.43403804284891
"Left","ENT","FSLong",4.7573860457091
"Left","ENT","FSLong",5.58818037042919
"Left","ENT","FSLong",4.48441453820082
"Left","ENT","FSLong",4.43029378836127
"Left","ENT","FSLong",3.85473302307994
"Left","ENT","FSLong",5.49516596805892
"Left","ENT","FSLong",5.40632220335378
"Left","ENT","FSLong",4.87725410903707
"Left","ENT","FSLong",5.60708397356463
"Left","ENT","FSLong",4.98104363544161
"Left","ENT","FSLong",4.95953649331323
"Left","ENT","FSLong",5.27059526748162
"Left","ENT","FSLong",4.50583186322524
"Left","ENT","FSLong",4.70786290262628
"Left","ENT","FSLong",3.93052712767924
"Left","ENT","FSLong",4.65823611681032
"Left","ENT","FSLong",4.84208362354801
"Left","ENT","FSLong",3.84827371127464
"Left","ENT","FSLong",4.90570496753968
"Left","ENT","FSLong",4.99681901825854
"Left","ENT","FSLong",4.90441244655181
"Left","ENT","FSLong",4.78782170860604
"Left","ENT","FSLong",3.26604534066731
"Left","ENT","FSLong",4.50133778039664
"Left","ENT","FSLong",5.78154405586245
"Left","ENT","FSLong",5.17612291729127
"Left","ENT","FSLong",5.76082080354971
"Left","ENT","FSLong",3.53357814217549
"Left","ENT","FSLong",4.15064891675611
"Left","ENT","FSLong",4.03813552347125
"Left","ENT","FSLong",3.75453847457244
"Left","ENT","FSLong",3.50662587377754
"Left","ENT","FSLong",4.91585184596841
"Left","ENT","FSLong",4.26422306209856
"Left","ENT","FSLong",4.84367980756471
"Left","ENT","FSLong",5.84080287210092
"Left","ENT","FSLong",3.63990002481877
"Left","ENT","FSLong",4.93735451331163
"Left","ENT","FSLong",4.82106198494258
"Left","ENT","FSLong",3.83000327643901
"Left","ENT","FSLong",4.07309101109609
"Left","ENT","FSLong",5.07855948968794
"Left","ENT","FSLong",4.53867827832237
"Left","ENT","FSLong",5.04736442334897
"Left","ENT","FSLong",4.21937618564352
"Left","ENT","FSLong",5.44497864533109
"Left","ENT","FSLong",5.57501671779637
"Left","ENT","FSLong",3.34251420245905
"Left","ENT","FSLong",5.95021291076197
"Left","ENT","FSLong",4.33443282869532
"Left","ENT","FSLong",6.03419477458124
"Left","ENT","FSLong",4.48419476643137
"Left","ENT","FSLong",3.91234318841005
"Left","ENT","FSLong",4.58723029850354
"Left","ENT","FSLong",4.80169278015667
"Left","ENT","FSLong",5.62165627797456
"Left","ENT","FSLong",5.18720685789507
"Left","ENT","FSLong",3.96618224346025
"Left","ENT","FSLong",4.21791692255836
"Left","ENT","FSLong",5.24561663867159
"Left","ENT","FSLong",3.98198152291021
"Left","ENT","FSLong",6.32831809191526
"Left","ENT","FSLong",4.04365873086486
"Left","ENT","FSLong",4.39979219885681
"Left","ENT","FSLong",4.80730087763003
"Left","ENT","FSLong",4.5310529626988
"Left","ENT","ANTsNative",3.67921470816653
"Left","ENT","ANTsNative",7.39195796779997
"Left","ENT","ANTsNative",4.07055604149469
"Left","ENT","ANTsNative",4.77182144277719
"Left","ENT","ANTsNative",3.90061815917902
"Left","ENT","ANTsNative",3.10934406610354
"Left","ENT","ANTsNative",4.11464194229012
"Left","ENT","ANTsNative",5.89781703837344
"Left","ENT","ANTsNative",5.33070866144837
"Left","ENT","ANTsNative",5.67989892237518
"Left","ENT","ANTsNative",4.52183202638289
"Left","ENT","ANTsNative",4.50183791947439
"Left","ENT","ANTsNative",4.67042848112954
"Left","ENT","ANTsNative",5.70194609921311
"Left","ENT","ANTsNative",5.13513642943693
"Left","ENT","ANTsNative",3.89349512927609
"Left","ENT","ANTsNative",6.13579176277518
"Left","ENT","ANTsNative",4.86489666733313
"Left","ENT","ANTsNative",5.54075738663764
"Left","ENT","ANTsNative",4.48442805889069
"Left","ENT","ANTsNative",3.47864280945003
"Left","ENT","ANTsNative",4.01907839158257
"Left","ENT","ANTsNative",4.76481131291052
"Left","ENT","ANTsNative",4.45251219474308
"Left","ENT","ANTsNative",4.04035226183051
"Left","ENT","ANTsNative",5.66277138372361
"Left","ENT","ANTsNative",6.44522580973693
"Left","ENT","ANTsNative",5.83973316500313
"Left","ENT","ANTsNative",6.27775630941667
"Left","ENT","ANTsNative",5.7318871480588
"Left","ENT","ANTsNative",4.48827511526974
"Left","ENT","ANTsNative",5.07642908914422
"Left","ENT","ANTsNative",5.13757346344496
"Left","ENT","ANTsNative",6.56013039858304
"Left","ENT","ANTsNative",5.00330049288502
"Left","ENT","ANTsNative",5.45985021215038
"Left","ENT","ANTsNative",4.33328091021186
"Left","ENT","ANTsNative",4.63689388062437
"Left","ENT","ANTsNative",3.93650445628231
"Left","ENT","ANTsNative",5.42259407408345
"Left","ENT","ANTsNative",5.38556595242677
"Left","ENT","ANTsNative",5.02030341966554
"Left","ENT","ANTsNative",5.61860764883706
"Left","ENT","ANTsNative",4.99140059168976
"Left","ENT","ANTsNative",4.9691981560006
"Left","ENT","ANTsNative",5.17374068873578
"Left","ENT","ANTsNative",4.47965597332666
"Left","ENT","ANTsNative",4.71478015584751
"Left","ENT","ANTsNative",4.07892955040118
"Left","ENT","ANTsNative",4.59260809511056
"Left","ENT","ANTsNative",4.83023936890609
"Left","ENT","ANTsNative",3.77197564664388
"Left","ENT","ANTsNative",5.02973744029904
"Left","ENT","ANTsNative",4.87459340087458
"Left","ENT","ANTsNative",5.13629683086548
"Left","ENT","ANTsNative",4.6559259643992
"Left","ENT","ANTsNative",3.17771386885257
"Left","ENT","ANTsNative",4.77134261146868
"Left","ENT","ANTsNative",5.92278466287304
"Left","ENT","ANTsNative",5.32723810450542
"Left","ENT","ANTsNative",5.93547367331673
"Left","ENT","ANTsNative",3.71996157648003
"Left","ENT","ANTsNative",4.32610191461095
"Left","ENT","ANTsNative",4.06451714793987
"Left","ENT","ANTsNative",3.67671118217513
"Left","ENT","ANTsNative",3.56237046184479
"Left","ENT","ANTsNative",5.02883748054324
"Left","ENT","ANTsNative",4.01542490167984
"Left","ENT","ANTsNative",4.84928340269609
"Left","ENT","ANTsNative",5.77927004267444
"Left","ENT","ANTsNative",3.80372040257109
"Left","ENT","ANTsNative",5.29007148408827
"Left","ENT","ANTsNative",4.79920500476954
"Left","ENT","ANTsNative",3.93097102280757
"Left","ENT","ANTsNative",4.09438985771977
"Left","ENT","ANTsNative",4.93729669928009
"Left","ENT","ANTsNative",4.57815247957064
"Left","ENT","ANTsNative",4.86684693099569
"Left","ENT","ANTsNative",4.32309884649127
"Left","ENT","ANTsNative",5.49528901668046
"Left","ENT","ANTsNative",5.62818039457396
"Left","ENT","ANTsNative",3.42997714757858
"Left","ENT","ANTsNative",6.15146818889728
"Left","ENT","ANTsNative",4.01403924371367
"Left","ENT","ANTsNative",5.88900997578868
"Left","ENT","ANTsNative",4.51497778705872
"Left","ENT","ANTsNative",4.07004101988171
"Left","ENT","ANTsNative",4.54773204512349
"Left","ENT","ANTsNative",4.8271777379065
"Left","ENT","ANTsNative",5.57286660065618
"Left","ENT","ANTsNative",5.17573582952615
"Left","ENT","ANTsNative",4.13903966756346
"Left","ENT","ANTsNative",4.417027845559
"Left","ENT","ANTsNative",5.25417879670944
"Left","ENT","ANTsNative",3.87477420413547
"Left","ENT","ANTsNative",6.46916223489021
"Left","ENT","ANTsNative",4.26578468211863
"Left","ENT","ANTsNative",4.27907270906001
"Left","ENT","ANTsNative",5.14794265596081
"Left","ENT","ANTsNative",4.58792137976735
"Left","ENT","ANTsSST",3.74418910830656
"Left","ENT","ANTsSST",7.34607201135731
"Left","ENT","ANTsSST",4.15717583268061
"Left","ENT","ANTsSST",4.75644254066121
"Left","ENT","ANTsSST",3.88188997508062
"Left","ENT","ANTsSST",3.05593970571666
"Left","ENT","ANTsSST",4.0385610230799
"Left","ENT","ANTsSST",5.83489407768623
"Left","ENT","ANTsSST",5.35078299707073
"Left","ENT","ANTsSST",5.66879478559751
"Left","ENT","ANTsSST",4.51029287765385
"Left","ENT","ANTsSST",4.54999781868647
"Left","ENT","ANTsSST",4.67242702808707
"Left","ENT","ANTsSST",5.58727443615251
"Left","ENT","ANTsSST",5.06188136864121
"Left","ENT","ANTsSST",3.89865137038191
"Left","ENT","ANTsSST",6.03507669325006
"Left","ENT","ANTsSST",4.81721801165956
"Left","ENT","ANTsSST",5.51161876735293
"Left","ENT","ANTsSST",4.54301678912819
"Left","ENT","ANTsSST",3.45161483169478
"Left","ENT","ANTsSST",4.03940820005402
"Left","ENT","ANTsSST",4.71409514832045
"Left","ENT","ANTsSST",4.45285004914188
"Left","ENT","ANTsSST",3.99486791307706
"Left","ENT","ANTsSST",5.58232965346734
"Left","ENT","ANTsSST",6.44138852309463
"Left","ENT","ANTsSST",5.82758965239972
"Left","ENT","ANTsSST",6.2642178194806
"Left","ENT","ANTsSST",5.68904143302681
"Left","ENT","ANTsSST",4.49355146759385
"Left","ENT","ANTsSST",5.03582003030062
"Left","ENT","ANTsSST",5.13866908393254
"Left","ENT","ANTsSST",6.5113248929839
"Left","ENT","ANTsSST",4.95914402957915
"Left","ENT","ANTsSST",5.4814248677318
"Left","ENT","ANTsSST",4.31049120299779
"Left","ENT","ANTsSST",4.66425976667174
"Left","ENT","ANTsSST",3.99693631822656
"Left","ENT","ANTsSST",5.43085646963538
"Left","ENT","ANTsSST",5.3372331025879
"Left","ENT","ANTsSST",5.04318776884232
"Left","ENT","ANTsSST",5.56085486402171
"Left","ENT","ANTsSST",4.98067924829222
"Left","ENT","ANTsSST",4.95944697820666
"Left","ENT","ANTsSST",5.14991334039879
"Left","ENT","ANTsSST",4.48361540754192
"Left","ENT","ANTsSST",4.64813802885834
"Left","ENT","ANTsSST",4.05850725988581
"Left","ENT","ANTsSST",4.56626942261195
"Left","ENT","ANTsSST",4.84130457269725
"Left","ENT","ANTsSST",3.78662278807729
"Left","ENT","ANTsSST",4.99340533968614
"Left","ENT","ANTsSST",4.81773592170458
"Left","ENT","ANTsSST",5.15951423790652
"Left","ENT","ANTsSST",4.70002703337808
"Left","ENT","ANTsSST",3.14158352774875
"Left","ENT","ANTsSST",4.75623093644008
"Left","ENT","ANTsSST",5.84730103236953
"Left","ENT","ANTsSST",5.29176905501881
"Left","ENT","ANTsSST",5.87244317889063
"Left","ENT","ANTsSST",3.68161190070127
"Left","ENT","ANTsSST",4.31808619929195
"Left","ENT","ANTsSST",4.08745020307115
"Left","ENT","ANTsSST",3.68049855093261
"Left","ENT","ANTsSST",3.60664603462024
"Left","ENT","ANTsSST",5.09541551692558
"Left","ENT","ANTsSST",4.01482509802821
"Left","ENT","ANTsSST",4.8637392100966
"Left","ENT","ANTsSST",5.76742984318765
"Left","ENT","ANTsSST",3.81829658439513
"Left","ENT","ANTsSST",5.30378490421935
"Left","ENT","ANTsSST",4.72157771463226
"Left","ENT","ANTsSST",3.86304893210089
"Left","ENT","ANTsSST",4.03832166138439
"Left","ENT","ANTsSST",4.95106396915182
"Left","ENT","ANTsSST",4.54129297020945
"Left","ENT","ANTsSST",4.79916090441021
"Left","ENT","ANTsSST",4.25372687770205
"Left","ENT","ANTsSST",5.48863138962982
"Left","ENT","ANTsSST",5.53573065101668
"Left","ENT","ANTsSST",3.44018784077496
"Left","ENT","ANTsSST",6.12299540750429
"Left","ENT","ANTsSST",4.12606143958717
"Left","ENT","ANTsSST",5.87537253699791
"Left","ENT","ANTsSST",4.54081508266751
"Left","ENT","ANTsSST",3.99093283835031
"Left","ENT","ANTsSST",4.53583646755532
"Left","ENT","ANTsSST",4.81383972589444
"Left","ENT","ANTsSST",5.60771354152737
"Left","ENT","ANTsSST",5.12777196678998
"Left","ENT","ANTsSST",4.0951669136706
"Left","ENT","ANTsSST",4.47546667958729
"Left","ENT","ANTsSST",5.24865421389434
"Left","ENT","ANTsSST",3.86288826933036
"Left","ENT","ANTsSST",6.44565839115738
"Left","ENT","ANTsSST",4.17774605687383
"Left","ENT","ANTsSST",4.26518862258556
"Left","ENT","ANTsSST",5.17703094204278
"Left","ENT","ANTsSST",4.5519558763675
"Left","PARH","FSLong",5.19074485039332
"Left","PARH","FSLong",3.48506117541142
"Left","PARH","FSLong",4.52214834519514
"Left","PARH","FSLong",4.62202666055951
"Left","PARH","FSLong",5.50450688681991
"Left","PARH","FSLong",5.24604521893021
"Left","PARH","FSLong",5.10717556327416
"Left","PARH","FSLong",4.44332561665203
"Left","PARH","FSLong",4.52630916768355
"Left","PARH","FSLong",4.54249813346972
"Left","PARH","FSLong",3.92811537309437
"Left","PARH","FSLong",4.260510768675
"Left","PARH","FSLong",5.40813751048481
"Left","PARH","FSLong",4.18577557504982
"Left","PARH","FSLong",5.76981582194349
"Left","PARH","FSLong",5.1065957498803
"Left","PARH","FSLong",4.05906546753687
"Left","PARH","FSLong",3.84165423552485
"Left","PARH","FSLong",5.14145608721527
"Left","PARH","FSLong",5.55210794620517
"Left","PARH","FSLong",5.71718384634828
"Left","PARH","FSLong",5.16256453353321
"Left","PARH","FSLong",4.34418106314995
"Left","PARH","FSLong",5.59920321887756
"Left","PARH","FSLong",4.62285624652966
"Left","PARH","FSLong",4.14083626462563
"Left","PARH","FSLong",4.77834262964423
"Left","PARH","FSLong",4.55488692864413
"Left","PARH","FSLong",4.24741692951161
"Left","PARH","FSLong",5.88573741294605
"Left","PARH","FSLong",5.03560570120348
"Left","PARH","FSLong",4.65143736670985
"Left","PARH","FSLong",5.3205151888539
"Left","PARH","FSLong",5.31143283251031
"Left","PARH","FSLong",6.84838286754001
"Left","PARH","FSLong",5.45184494245293
"Left","PARH","FSLong",4.83002303219147
"Left","PARH","FSLong",5.8961776144407
"Left","PARH","FSLong",3.96475693707601
"Left","PARH","FSLong",4.58945952513147
"Left","PARH","FSLong",5.06315779986734
"Left","PARH","FSLong",5.76946253576156
"Left","PARH","FSLong",4.51597833508491
"Left","PARH","FSLong",4.39156112570238
"Left","PARH","FSLong",4.54978898327673
"Left","PARH","FSLong",4.75734603322496
"Left","PARH","FSLong",4.5205068660356
"Left","PARH","FSLong",3.86692333741266
"Left","PARH","FSLong",3.74823158155319
"Left","PARH","FSLong",6.41824614316171
"Left","PARH","FSLong",5.81435497273421
"Left","PARH","FSLong",4.11301988807698
"Left","PARH","FSLong",4.34216563585988
"Left","PARH","FSLong",4.79326346560079
"Left","PARH","FSLong",4.93851357007366
"Left","PARH","FSLong",6.82619027324714
"Left","PARH","FSLong",5.17494007974234
"Left","PARH","FSLong",4.88199378712008
"Left","PARH","FSLong",4.74228328133407
"Left","PARH","FSLong",4.54237590096915
"Left","PARH","FSLong",5.09591553573456
"Left","PARH","FSLong",4.93577567133992
"Left","PARH","FSLong",4.26212715543914
"Left","PARH","FSLong",4.47128964384122
"Left","PARH","FSLong",5.09467805955854
"Left","PARH","FSLong",4.7201756687701
"Left","PARH","FSLong",4.12985381421922
"Left","PARH","FSLong",5.31267143510441
"Left","PARH","FSLong",5.98604777184217
"Left","PARH","FSLong",6.5757818717783
"Left","PARH","FSLong",3.85299213338244
"Left","PARH","FSLong",6.13981467623598
"Left","PARH","FSLong",3.82546929794546
"Left","PARH","FSLong",4.87752705786869
"Left","PARH","FSLong",4.50629845565825
"Left","PARH","FSLong",4.48456857474633
"Left","PARH","FSLong",5.23045165150184
"Left","PARH","FSLong",4.6686117826101
"Left","PARH","FSLong",4.58768996844782
"Left","PARH","FSLong",5.03533066867866
"Left","PARH","FSLong",4.74499748084461
"Left","PARH","FSLong",5.39021909766409
"Left","PARH","FSLong",5.19792371858088
"Left","PARH","FSLong",5.78329877904044
"Left","PARH","FSLong",5.01848482396017
"Left","PARH","FSLong",4.10820759206213
"Left","PARH","FSLong",4.43733070389069
"Left","PARH","FSLong",4.60760956001506
"Left","PARH","FSLong",4.23416595518725
"Left","PARH","FSLong",4.75447913292308
"Left","PARH","FSLong",4.74568404815831
"Left","PARH","FSLong",5.02135531816434
"Left","PARH","FSLong",4.83469063697828
"Left","PARH","FSLong",4.65664406830806
"Left","PARH","FSLong",4.9479103050786
"Left","PARH","FSLong",4.38331813269553
"Left","PARH","FSLong",4.36805673441827
"Left","PARH","FSLong",4.00011365188942
"Left","PARH","FSLong",4.42708362303688
"Left","PARH","FSLong",5.30338826026012
"Left","PARH","ANTsNative",5.11949565518862
"Left","PARH","ANTsNative",3.57518850584016
"Left","PARH","ANTsNative",4.46874753849221
"Left","PARH","ANTsNative",4.64404546204382
"Left","PARH","ANTsNative",5.31013111371963
"Left","PARH","ANTsNative",5.00680812048929
"Left","PARH","ANTsNative",4.90139251193085
"Left","PARH","ANTsNative",4.66738707915191
"Left","PARH","ANTsNative",4.31271582014728
"Left","PARH","ANTsNative",4.39960525738007
"Left","PARH","ANTsNative",4.05836952767156
"Left","PARH","ANTsNative",4.39695639432724
"Left","PARH","ANTsNative",5.32833847237116
"Left","PARH","ANTsNative",4.40189513544375
"Left","PARH","ANTsNative",5.63435359041269
"Left","PARH","ANTsNative",4.94208871215658
"Left","PARH","ANTsNative",4.15812815705939
"Left","PARH","ANTsNative",3.86048408662968
"Left","PARH","ANTsNative",5.07073673346507
"Left","PARH","ANTsNative",5.74536599098642
"Left","PARH","ANTsNative",5.40395970193784
"Left","PARH","ANTsNative",4.99670741449399
"Left","PARH","ANTsNative",4.15683705792761
"Left","PARH","ANTsNative",5.61816282227104
"Left","PARH","ANTsNative",4.25704303802274
"Left","PARH","ANTsNative",4.13888694115478
"Left","PARH","ANTsNative",4.82927629899606
"Left","PARH","ANTsNative",4.54839105931153
"Left","PARH","ANTsNative",4.24465509826599
"Left","PARH","ANTsNative",5.58661384466637
"Left","PARH","ANTsNative",4.83639164813568
"Left","PARH","ANTsNative",4.4448975713503
"Left","PARH","ANTsNative",5.20428093656349
"Left","PARH","ANTsNative",5.30907639790765
"Left","PARH","ANTsNative",7.08780873537396
"Left","PARH","ANTsNative",5.58994218539435
"Left","PARH","ANTsNative",5.0941531764842
"Left","PARH","ANTsNative",5.7802721605614
"Left","PARH","ANTsNative",4.10607439792841
"Left","PARH","ANTsNative",4.61530039514643
"Left","PARH","ANTsNative",5.02165897733538
"Left","PARH","ANTsNative",5.58826651575503
"Left","PARH","ANTsNative",4.30050357480488
"Left","PARH","ANTsNative",4.21325812915483
"Left","PARH","ANTsNative",4.56634877328753
"Left","PARH","ANTsNative",4.78117183786472
"Left","PARH","ANTsNative",4.56246710163311
"Left","PARH","ANTsNative",3.77751939016009
"Left","PARH","ANTsNative",3.70328279658896
"Left","PARH","ANTsNative",6.44170687752886
"Left","PARH","ANTsNative",5.49619707462053
"Left","PARH","ANTsNative",4.37197980726677
"Left","PARH","ANTsNative",4.48982375646815
"Left","PARH","ANTsNative",5.04702032874668
"Left","PARH","ANTsNative",4.76946310600503
"Left","PARH","ANTsNative",6.64419338931412
"Left","PARH","ANTsNative",5.13832857848029
"Left","PARH","ANTsNative",4.6667961497954
"Left","PARH","ANTsNative",4.83008776052485
"Left","PARH","ANTsNative",4.45080467701602
"Left","PARH","ANTsNative",4.96546328489011
"Left","PARH","ANTsNative",4.71818473817346
"Left","PARH","ANTsNative",4.20573356655441
"Left","PARH","ANTsNative",4.16953666904114
"Left","PARH","ANTsNative",4.96534562927001
"Left","PARH","ANTsNative",4.68135811111099
"Left","PARH","ANTsNative",4.18063138663428
"Left","PARH","ANTsNative",5.28726952082602
"Left","PARH","ANTsNative",5.98146064580405
"Left","PARH","ANTsNative",6.37605335387797
"Left","PARH","ANTsNative",3.88099660715487
"Left","PARH","ANTsNative",5.82902273770214
"Left","PARH","ANTsNative",3.84278613695249
"Left","PARH","ANTsNative",4.67697155118475
"Left","PARH","ANTsNative",4.37613047443486
"Left","PARH","ANTsNative",4.46024586500548
"Left","PARH","ANTsNative",5.13186863393556
"Left","PARH","ANTsNative",4.67024063287292
"Left","PARH","ANTsNative",4.41030135869414
"Left","PARH","ANTsNative",4.9430362991819
"Left","PARH","ANTsNative",4.78842973509167
"Left","PARH","ANTsNative",5.04067387975002
"Left","PARH","ANTsNative",5.28444726045168
"Left","PARH","ANTsNative",5.60674726470444
"Left","PARH","ANTsNative",4.92544344765773
"Left","PARH","ANTsNative",4.01161373349465
"Left","PARH","ANTsNative",4.74682449136302
"Left","PARH","ANTsNative",4.47484588967999
"Left","PARH","ANTsNative",4.05882762878619
"Left","PARH","ANTsNative",4.81896437471327
"Left","PARH","ANTsNative",4.70935147621562
"Left","PARH","ANTsNative",4.98611202550202
"Left","PARH","ANTsNative",4.86637630735878
"Left","PARH","ANTsNative",4.74764908176365
"Left","PARH","ANTsNative",4.9125362802318
"Left","PARH","ANTsNative",4.21709656842913
"Left","PARH","ANTsNative",4.28248053648146
"Left","PARH","ANTsNative",3.68144538711019
"Left","PARH","ANTsNative",4.17969336521113
"Left","PARH","ANTsNative",5.47245300694502
"Left","PARH","ANTsSST",5.0885603008312
"Left","PARH","ANTsSST",3.59533830368791
"Left","PARH","ANTsSST",4.39096577725928
"Left","PARH","ANTsSST",4.66184976700079
"Left","PARH","ANTsSST",5.20493496608977
"Left","PARH","ANTsSST",4.9301475191617
"Left","PARH","ANTsSST",4.82121699168767
"Left","PARH","ANTsSST",4.66070880114254
"Left","PARH","ANTsSST",4.26957383245136
"Left","PARH","ANTsSST",4.36577162058924
"Left","PARH","ANTsSST",4.0377441201568
"Left","PARH","ANTsSST",4.42907790043218
"Left","PARH","ANTsSST",5.26298237355452
"Left","PARH","ANTsSST",4.42871693162333
"Left","PARH","ANTsSST",5.53763053541858
"Left","PARH","ANTsSST",4.88326402085063
"Left","PARH","ANTsSST",4.20720791512596
"Left","PARH","ANTsSST",3.7766796717117
"Left","PARH","ANTsSST",4.97614094178704
"Left","PARH","ANTsSST",5.78249271181163
"Left","PARH","ANTsSST",5.35275386553983
"Left","PARH","ANTsSST",4.96118714773529
"Left","PARH","ANTsSST",4.06900715260318
"Left","PARH","ANTsSST",5.5676117466419
"Left","PARH","ANTsSST",4.23697095001226
"Left","PARH","ANTsSST",4.0630256872799
"Left","PARH","ANTsSST",4.79581113055458
"Left","PARH","ANTsSST",4.4483263715412
"Left","PARH","ANTsSST",4.20583851719116
"Left","PARH","ANTsSST",5.50156699780821
"Left","PARH","ANTsSST",4.79572973998991
"Left","PARH","ANTsSST",4.44757425214584
"Left","PARH","ANTsSST",5.17981453768589
"Left","PARH","ANTsSST",5.33354176405721
"Left","PARH","ANTsSST",7.02554956776113
"Left","PARH","ANTsSST",5.56346103524738
"Left","PARH","ANTsSST",4.98254003342922
"Left","PARH","ANTsSST",5.73953745948486
"Left","PARH","ANTsSST",4.02931426854583
"Left","PARH","ANTsSST",4.58967433584789
"Left","PARH","ANTsSST",5.02840822329857
"Left","PARH","ANTsSST",5.5287659604434
"Left","PARH","ANTsSST",4.29276192715701
"Left","PARH","ANTsSST",4.200350611223
"Left","PARH","ANTsSST",4.59358227358974
"Left","PARH","ANTsSST",4.71451563886559
"Left","PARH","ANTsSST",4.54475378169524
"Left","PARH","ANTsSST",3.72808925875372
"Left","PARH","ANTsSST",3.7522337381653
"Left","PARH","ANTsSST",6.41006769598241
"Left","PARH","ANTsSST",5.41197720943621
"Left","PARH","ANTsSST",4.36085026044465
"Left","PARH","ANTsSST",4.50190494607824
"Left","PARH","ANTsSST",5.0281181219576
"Left","PARH","ANTsSST",4.80291601187662
"Left","PARH","ANTsSST",6.56967758107077
"Left","PARH","ANTsSST",5.06338371276621
"Left","PARH","ANTsSST",4.63389768610326
"Left","PARH","ANTsSST",4.81067011213206
"Left","PARH","ANTsSST",4.44116698960255
"Left","PARH","ANTsSST",4.94184778232065
"Left","PARH","ANTsSST",4.66914568883134
"Left","PARH","ANTsSST",4.16299433618669
"Left","PARH","ANTsSST",4.12687603821178
"Left","PARH","ANTsSST",4.91355182598928
"Left","PARH","ANTsSST",4.6340441329607
"Left","PARH","ANTsSST",4.13228613823274
"Left","PARH","ANTsSST",5.24224011089888
"Left","PARH","ANTsSST",5.87644445840571
"Left","PARH","ANTsSST",6.29300482812317
"Left","PARH","ANTsSST",3.85672999420631
"Left","PARH","ANTsSST",5.71867199581588
"Left","PARH","ANTsSST",3.76316835293533
"Left","PARH","ANTsSST",4.64961986701632
"Left","PARH","ANTsSST",4.3384688589614
"Left","PARH","ANTsSST",4.38827128853989
"Left","PARH","ANTsSST",5.04402389718202
"Left","PARH","ANTsSST",4.54916360125284
"Left","PARH","ANTsSST",4.35767181368001
"Left","PARH","ANTsSST",4.91200115601649
"Left","PARH","ANTsSST",4.67774071850379
"Left","PARH","ANTsSST",4.95617707203941
"Left","PARH","ANTsSST",5.22556129158448
"Left","PARH","ANTsSST",5.59178146745068
"Left","PARH","ANTsSST",4.81620038986285
"Left","PARH","ANTsSST",3.96929374706435
"Left","PARH","ANTsSST",4.70805007619121
"Left","PARH","ANTsSST",4.41592951222059
"Left","PARH","ANTsSST",3.99277813288696
"Left","PARH","ANTsSST",4.75929962584278
"Left","PARH","ANTsSST",4.61471477303658
"Left","PARH","ANTsSST",4.87544604231671
"Left","PARH","ANTsSST",4.8024851955567
"Left","PARH","ANTsSST",4.69268725427953
"Left","PARH","ANTsSST",4.89473656219187
"Left","PARH","ANTsSST",4.27587129578112
"Left","PARH","ANTsSST",4.2520796032619
"Left","PARH","ANTsSST",3.60122108942407
"Left","PARH","ANTsSST",4.178979116018
"Left","PARH","ANTsSST",5.41276970167961
"Right","ENT","FSLong",3.95303450474743
"Right","ENT","FSLong",4.99319287235429
"Right","ENT","FSLong",4.70892957776844
"Right","ENT","FSLong",6.71648572371295
"Right","ENT","FSLong",4.72157463927407
"Right","ENT","FSLong",4.45214741486818
"Right","ENT","FSLong",6.06623959570338
"Right","ENT","FSLong",4.71208151194196
"Right","ENT","FSLong",4.38697452525452
"Right","ENT","FSLong",4.56787403565343
"Right","ENT","FSLong",4.30586110800749
"Right","ENT","FSLong",5.7447642817442
"Right","ENT","FSLong",4.85570346642522
"Right","ENT","FSLong",4.22978319060722
"Right","ENT","FSLong",3.96194050305735
"Right","ENT","FSLong",4.03498708120821
"Right","ENT","FSLong",4.25047119575788
"Right","ENT","FSLong",4.16848355518764
"Right","ENT","FSLong",5.92617232432364
"Right","ENT","FSLong",5.22933245467022
"Right","ENT","FSLong",4.58594210331175
"Right","ENT","FSLong",5.11393969413575
"Right","ENT","FSLong",5.35571437921671
"Right","ENT","FSLong",4.60913833982292
"Right","ENT","FSLong",4.51631189122487
"Right","ENT","FSLong",5.38169576457637
"Right","ENT","FSLong",4.72405521881204
"Right","ENT","FSLong",4.22177446662226
"Right","ENT","FSLong",5.79892202110394
"Right","ENT","FSLong",4.80084747306897
"Right","ENT","FSLong",7.08074670202545
"Right","ENT","FSLong",3.86517352565299
"Right","ENT","FSLong",4.34504161987039
"Right","ENT","FSLong",3.62055883845834
"Right","ENT","FSLong",5.34379923234541
"Right","ENT","FSLong",5.11024382420667
"Right","ENT","FSLong",4.63803606790862
"Right","ENT","FSLong",5.06593366632217
"Right","ENT","FSLong",4.44629847269799
"Right","ENT","FSLong",5.20276800164601
"Right","ENT","FSLong",5.38323710215204
"Right","ENT","FSLong",3.68070611772886
"Right","ENT","FSLong",4.78042594065084
"Right","ENT","FSLong",3.9566511117671
"Right","ENT","FSLong",4.34678667231822
"Right","ENT","FSLong",4.64391112692774
"Right","ENT","FSLong",4.98258228270601
"Right","ENT","FSLong",5.99286283006735
"Right","ENT","FSLong",5.34641137896039
"Right","ENT","FSLong",4.40141956172095
"Right","ENT","FSLong",3.50955916077172
"Right","ENT","FSLong",6.25921639683974
"Right","ENT","FSLong",5.04759989308517
"Right","ENT","FSLong",5.91313149676591
"Right","ENT","FSLong",4.10648843146635
"Right","ENT","FSLong",5.95774432805913
"Right","ENT","FSLong",5.2734970457502
"Right","ENT","FSLong",5.0852326515935
"Right","ENT","FSLong",6.19154865674588
"Right","ENT","FSLong",5.52052467427398
"Right","ENT","FSLong",4.50164542182797
"Right","ENT","FSLong",3.80786036526867
"Right","ENT","FSLong",4.60692577802323
"Right","ENT","FSLong",5.246199214463
"Right","ENT","FSLong",5.64646792774133
"Right","ENT","FSLong",4.58309534608929
"Right","ENT","FSLong",5.46184922247858
"Right","ENT","FSLong",5.46295990702607
"Right","ENT","FSLong",5.87611024739911
"Right","ENT","FSLong",5.32457850682658
"Right","ENT","FSLong",5.08041644913671
"Right","ENT","FSLong",4.3569691969696
"Right","ENT","FSLong",3.20869810886558
"Right","ENT","FSLong",5.34443591185413
"Right","ENT","FSLong",4.60716325508122
"Right","ENT","FSLong",4.19576854650227
"Right","ENT","FSLong",5.2442344713409
"Right","ENT","FSLong",3.95931358480511
"Right","ENT","FSLong",4.65832069244774
"Right","ENT","FSLong",4.62273312980009
"Right","ENT","FSLong",4.03741460820245
"Right","ENT","FSLong",4.23552502438912
"Right","ENT","FSLong",4.58404065256811
"Right","ENT","FSLong",3.94541074458454
"Right","ENT","FSLong",3.88974598400957
"Right","ENT","FSLong",4.41694475887753
"Right","ENT","FSLong",5.61613321365322
"Right","ENT","FSLong",5.56794434566645
"Right","ENT","FSLong",5.29624619709304
"Right","ENT","FSLong",5.68532754448554
"Right","ENT","FSLong",4.34533487808836
"Right","ENT","FSLong",4.31151271950728
"Right","ENT","FSLong",4.13154582320959
"Right","ENT","FSLong",4.73216040789759
"Right","ENT","FSLong",5.00976813010162
"Right","ENT","FSLong",4.60563501056845
"Right","ENT","FSLong",3.69490006469335
"Right","ENT","FSLong",4.5767209206006
"Right","ENT","FSLong",5.42480898362192
"Right","ENT","FSLong",4.21253312367717
"Right","ENT","ANTsNative",4.13341001022546
"Right","ENT","ANTsNative",5.29123598720787
"Right","ENT","ANTsNative",5.09995547058478
"Right","ENT","ANTsNative",6.97500169914936
"Right","ENT","ANTsNative",4.75005459750246
"Right","ENT","ANTsNative",4.40912416056038
"Right","ENT","ANTsNative",6.13724975919922
"Right","ENT","ANTsNative",4.7618643122844
"Right","ENT","ANTsNative",4.5609334788446
"Right","ENT","ANTsNative",4.75265650403729
"Right","ENT","ANTsNative",4.29173257669435
"Right","ENT","ANTsNative",5.77454910212373
"Right","ENT","ANTsNative",4.98339864279279
"Right","ENT","ANTsNative",4.17329431226124
"Right","ENT","ANTsNative",3.86663349822427
"Right","ENT","ANTsNative",4.13786614691621
"Right","ENT","ANTsNative",4.4418161959558
"Right","ENT","ANTsNative",4.28233267943973
"Right","ENT","ANTsNative",6.15646571610461
"Right","ENT","ANTsNative",5.21007672279126
"Right","ENT","ANTsNative",4.56880058203089
"Right","ENT","ANTsNative",5.2124189667029
"Right","ENT","ANTsNative",5.42886848219567
"Right","ENT","ANTsNative",4.75306131520462
"Right","ENT","ANTsNative",4.44241334197827
"Right","ENT","ANTsNative",5.41542079939374
"Right","ENT","ANTsNative",4.80906361329788
"Right","ENT","ANTsNative",4.08710095366813
"Right","ENT","ANTsNative",5.66085947995626
"Right","ENT","ANTsNative",4.64617513321307
"Right","ENT","ANTsNative",7.20388991417218
"Right","ENT","ANTsNative",3.86946173149492
"Right","ENT","ANTsNative",4.53786844328954
"Right","ENT","ANTsNative",4.26887807573872
"Right","ENT","ANTsNative",5.38069502963871
"Right","ENT","ANTsNative",5.06117701968526
"Right","ENT","ANTsNative",4.47485810246821
"Right","ENT","ANTsNative",5.34033865693142
"Right","ENT","ANTsNative",4.3312220160723
"Right","ENT","ANTsNative",5.15630205647088
"Right","ENT","ANTsNative",5.53325607937962
"Right","ENT","ANTsNative",3.7160162046286
"Right","ENT","ANTsNative",4.94693791064168
"Right","ENT","ANTsNative",4.04085084862959
"Right","ENT","ANTsNative",4.48995070201611
"Right","ENT","ANTsNative",4.75599667405275
"Right","ENT","ANTsNative",5.28368480477476
"Right","ENT","ANTsNative",6.07373038559687
"Right","ENT","ANTsNative",5.16720349731658
"Right","ENT","ANTsNative",4.48633478268053
"Right","ENT","ANTsNative",3.70785716048995
"Right","ENT","ANTsNative",6.11635406106459
"Right","ENT","ANTsNative",5.03473544063679
"Right","ENT","ANTsNative",5.74452982460194
"Right","ENT","ANTsNative",4.13460901974565
"Right","ENT","ANTsNative",5.91252585681019
"Right","ENT","ANTsNative",5.11182431667107
"Right","ENT","ANTsNative",5.15683167547645
"Right","ENT","ANTsNative",6.13692452413641
"Right","ENT","ANTsNative",5.57816215962255
"Right","ENT","ANTsNative",4.63880075112981
"Right","ENT","ANTsNative",3.99359942386318
"Right","ENT","ANTsNative",4.77903847461044
"Right","ENT","ANTsNative",5.45190931959588
"Right","ENT","ANTsNative",5.72449155155348
"Right","ENT","ANTsNative",4.51817304303905
"Right","ENT","ANTsNative",5.32511862268261
"Right","ENT","ANTsNative",5.47624962815553
"Right","ENT","ANTsNative",5.78459062433308
"Right","ENT","ANTsNative",5.3392231628131
"Right","ENT","ANTsNative",5.04585844454204
"Right","ENT","ANTsNative",4.3800983501824
"Right","ENT","ANTsNative",3.34935664463032
"Right","ENT","ANTsNative",5.44511125378886
"Right","ENT","ANTsNative",4.43068479197423
"Right","ENT","ANTsNative",4.26319455101086
"Right","ENT","ANTsNative",5.4170671582632
"Right","ENT","ANTsNative",4.12920416831963
"Right","ENT","ANTsNative",4.64555148398773
"Right","ENT","ANTsNative",4.77112816237329
"Right","ENT","ANTsNative",4.04504474985745
"Right","ENT","ANTsNative",4.54371986085967
"Right","ENT","ANTsNative",4.63366608266348
"Right","ENT","ANTsNative",3.71525432466322
"Right","ENT","ANTsNative",3.93291950270915
"Right","ENT","ANTsNative",4.37759096111147
"Right","ENT","ANTsNative",5.63811327102592
"Right","ENT","ANTsNative",5.73013258677404
"Right","ENT","ANTsNative",5.3421627623873
"Right","ENT","ANTsNative",5.80190800396993
"Right","ENT","ANTsNative",4.55300985236141
"Right","ENT","ANTsNative",4.33859025569373
"Right","ENT","ANTsNative",4.36693798482418
"Right","ENT","ANTsNative",4.87426801216982
"Right","ENT","ANTsNative",5.04580194957251
"Right","ENT","ANTsNative",4.5974983970806
"Right","ENT","ANTsNative",3.75213484904237
"Right","ENT","ANTsNative",4.44753674676828
"Right","ENT","ANTsNative",5.60730521677186
"Right","ENT","ANTsNative",4.4123869885668
"Right","ENT","ANTsSST",4.07616996772386
"Right","ENT","ANTsSST",5.28301496287613
"Right","ENT","ANTsSST",5.01447383296978
"Right","ENT","ANTsSST",6.92001405863916
"Right","ENT","ANTsSST",4.77003952501049
"Right","ENT","ANTsSST",4.34815595003264
"Right","ENT","ANTsSST",6.05818436636643
"Right","ENT","ANTsSST",4.72284488365835
"Right","ENT","ANTsSST",4.509675579409
"Right","ENT","ANTsSST",4.73223869571763
"Right","ENT","ANTsSST",4.28748719479471
"Right","ENT","ANTsSST",5.71677166022115
"Right","ENT","ANTsSST",4.97527967058968
"Right","ENT","ANTsSST",4.21797923647306
"Right","ENT","ANTsSST",3.85448700169831
"Right","ENT","ANTsSST",4.13430220035664
"Right","ENT","ANTsSST",4.38687898004559
"Right","ENT","ANTsSST",4.32171989906567
"Right","ENT","ANTsSST",6.08683583926546
"Right","ENT","ANTsSST",5.23865593281511
"Right","ENT","ANTsSST",4.48427298653034
"Right","ENT","ANTsSST",5.20336057297339
"Right","ENT","ANTsSST",5.41450695747918
"Right","ENT","ANTsSST",4.72322083249891
"Right","ENT","ANTsSST",4.39783657936007
"Right","ENT","ANTsSST",5.42188275460885
"Right","ENT","ANTsSST",4.92215785784862
"Right","ENT","ANTsSST",4.0823360988516
"Right","ENT","ANTsSST",5.60299127776006
"Right","ENT","ANTsSST",4.63856991215197
"Right","ENT","ANTsSST",7.18312371120113
"Right","ENT","ANTsSST",3.81833161232536
"Right","ENT","ANTsSST",4.56940585996267
"Right","ENT","ANTsSST",4.20159662190667
"Right","ENT","ANTsSST",5.37518878922447
"Right","ENT","ANTsSST",5.04861751063924
"Right","ENT","ANTsSST",4.48476022953507
"Right","ENT","ANTsSST",5.34149564810334
"Right","ENT","ANTsSST",4.35343104240903
"Right","ENT","ANTsSST",5.19970359242752
"Right","ENT","ANTsSST",5.50926489218693
"Right","ENT","ANTsSST",3.62508973564933
"Right","ENT","ANTsSST",4.86719010995713
"Right","ENT","ANTsSST",4.04233330083583
"Right","ENT","ANTsSST",4.43650364554031
"Right","ENT","ANTsSST",4.69803478752035
"Right","ENT","ANTsSST",5.24159542458233
"Right","ENT","ANTsSST",6.03243553351532
"Right","ENT","ANTsSST",5.13501138249682
"Right","ENT","ANTsSST",4.48277906665284
"Right","ENT","ANTsSST",3.72844835953121
"Right","ENT","ANTsSST",6.10243597793018
"Right","ENT","ANTsSST",4.96115045418686
"Right","ENT","ANTsSST",5.73987772939288
"Right","ENT","ANTsSST",4.20996851834577
"Right","ENT","ANTsSST",6.00173926049514
"Right","ENT","ANTsSST",5.14157665057868
"Right","ENT","ANTsSST",5.18186808895043
"Right","ENT","ANTsSST",6.12022068941153
"Right","ENT","ANTsSST",5.5749497854613
"Right","ENT","ANTsSST",4.57054799645696
"Right","ENT","ANTsSST",4.03902525892106
"Right","ENT","ANTsSST",4.73151658410892
"Right","ENT","ANTsSST",5.48858035178797
"Right","ENT","ANTsSST",5.71816545463271
"Right","ENT","ANTsSST",4.46122890946006
"Right","ENT","ANTsSST",5.28920561515421
"Right","ENT","ANTsSST",5.48164593706171
"Right","ENT","ANTsSST",5.75581378867595
"Right","ENT","ANTsSST",5.3422020219765
"Right","ENT","ANTsSST",5.0118785970873
"Right","ENT","ANTsSST",4.36141256099566
"Right","ENT","ANTsSST",3.31976738699096
"Right","ENT","ANTsSST",5.37861785340756
"Right","ENT","ANTsSST",4.46711992676248
"Right","ENT","ANTsSST",4.27116192782717
"Right","ENT","ANTsSST",5.46086020850923
"Right","ENT","ANTsSST",4.08259553573242
"Right","ENT","ANTsSST",4.66197417061536
"Right","ENT","ANTsSST",4.76372794995655
"Right","ENT","ANTsSST",4.09369346718483
"Right","ENT","ANTsSST",4.4546886721808
"Right","ENT","ANTsSST",4.57718570486589
"Right","ENT","ANTsSST",3.68360321260059
"Right","ENT","ANTsSST",3.925438543548
"Right","ENT","ANTsSST",4.30501339102331
"Right","ENT","ANTsSST",5.63206595281776
"Right","ENT","ANTsSST",5.7118846293857
"Right","ENT","ANTsSST",5.29595130831382
"Right","ENT","ANTsSST",5.71762177643082
"Right","ENT","ANTsSST",4.48621482600708
"Right","ENT","ANTsSST",4.31151019323268
"Right","ENT","ANTsSST",4.31671830051727
"Right","ENT","ANTsSST",4.88232869470656
"Right","ENT","ANTsSST",5.08779894833012
"Right","ENT","ANTsSST",4.54517364044644
"Right","ENT","ANTsSST",3.84030104722298
"Right","ENT","ANTsSST",4.46034914200291
"Right","ENT","ANTsSST",5.60852933848916
"Right","ENT","ANTsSST",4.41939657765867
"Right","PARH","FSLong",5.02669374071869
"Right","PARH","FSLong",4.24008385260407
"Right","PARH","FSLong",4.43413826719559
"Right","PARH","FSLong",4.94724367180976
"Right","PARH","FSLong",5.80224648447078
"Right","PARH","FSLong",5.26660253470722
"Right","PARH","FSLong",6.16170400701992
"Right","PARH","FSLong",4.38478207760965
"Right","PARH","FSLong",4.16281372472747
"Right","PARH","FSLong",5.12938350293518
"Right","PARH","FSLong",5.55492216184717
"Right","PARH","FSLong",4.49465909941987
"Right","PARH","FSLong",5.38591818971386
"Right","PARH","FSLong",5.55479852132319
"Right","PARH","FSLong",5.09336838878331
"Right","PARH","FSLong",4.60256119839109
"Right","PARH","FSLong",5.97977477204464
"Right","PARH","FSLong",4.82174567644691
"Right","PARH","FSLong",4.80623897646686
"Right","PARH","FSLong",4.20782834723083
"Right","PARH","FSLong",5.42036528112704
"Right","PARH","FSLong",5.06358291658392
"Right","PARH","FSLong",5.67594114678006
"Right","PARH","FSLong",4.15968909269702
"Right","PARH","FSLong",3.67264335182982
"Right","PARH","FSLong",3.93457927104297
"Right","PARH","FSLong",5.78140937664068
"Right","PARH","FSLong",4.9119552806742
"Right","PARH","FSLong",4.32329440925666
"Right","PARH","FSLong",4.51595493256016
"Right","PARH","FSLong",4.71597437790515
"Right","PARH","FSLong",6.06975183848179
"Right","PARH","FSLong",3.79723052266479
"Right","PARH","FSLong",5.8027064916871
"Right","PARH","FSLong",3.6143195912598
"Right","PARH","FSLong",5.32946150493367
"Right","PARH","FSLong",4.54772902857481
"Right","PARH","FSLong",4.50225943813187
"Right","PARH","FSLong",3.87059312257949
"Right","PARH","FSLong",4.26678071407023
"Right","PARH","FSLong",4.30105911253226
"Right","PARH","FSLong",4.55839119242032
"Right","PARH","FSLong",5.54346986602264
"Right","PARH","FSLong",6.56634322857541
"Right","PARH","FSLong",4.48450512498314
"Right","PARH","FSLong",3.75516977156681
"Right","PARH","FSLong",4.33296056972621
"Right","PARH","FSLong",4.12619216731405
"Right","PARH","FSLong",4.39161863725739
"Right","PARH","FSLong",3.92039109908976
"Right","PARH","FSLong",5.54935425234898
"Right","PARH","FSLong",3.49394535322228
"Right","PARH","FSLong",5.79145667887934
"Right","PARH","FSLong",3.88175972796528
"Right","PARH","FSLong",4.95308730125235
"Right","PARH","FSLong",4.97562197158291
"Right","PARH","FSLong",4.26221647564451
"Right","PARH","FSLong",4.99423745361302
"Right","PARH","FSLong",5.49268520985493
"Right","PARH","FSLong",5.31131671200734
"Right","PARH","FSLong",4.9999751541658
"Right","PARH","FSLong",4.24185920100807
"Right","PARH","FSLong",5.89352715875413
"Right","PARH","FSLong",6.40231166300288
"Right","PARH","FSLong",4.78129560492406
"Right","PARH","FSLong",4.75940046218029
"Right","PARH","FSLong",5.66033951715342
"Right","PARH","FSLong",5.64993239819649
"Right","PARH","FSLong",5.0097910119859
"Right","PARH","FSLong",4.89447916837307
"Right","PARH","FSLong",5.05117039343524
"Right","PARH","FSLong",4.13989173172339
"Right","PARH","FSLong",5.06965532687251
"Right","PARH","FSLong",5.41460735659122
"Right","PARH","FSLong",4.51959868213469
"Right","PARH","FSLong",4.51359173954291
"Right","PARH","FSLong",4.93075042278018
"Right","PARH","FSLong",4.756547235467
"Right","PARH","FSLong",5.64186376344821
"Right","PARH","FSLong",5.4897121867256
"Right","PARH","FSLong",5.46097864839711
"Right","PARH","FSLong",3.48097565350256
"Right","PARH","FSLong",5.76592044549486
"Right","PARH","FSLong",4.52098072782735
"Right","PARH","FSLong",3.61971523595611
"Right","PARH","FSLong",5.14163410099057
"Right","PARH","FSLong",3.34200883426068
"Right","PARH","FSLong",3.82452723771306
"Right","PARH","FSLong",4.48246821127205
"Right","PARH","FSLong",6.32081227538359
"Right","PARH","FSLong",5.94521025114313
"Right","PARH","FSLong",5.73085105446177
"Right","PARH","FSLong",4.59459026496737
"Right","PARH","FSLong",4.45817241511094
"Right","PARH","FSLong",4.63833772258136
"Right","PARH","FSLong",5.21085233081572
"Right","PARH","FSLong",4.45227739479833
"Right","PARH","FSLong",5.60146156389435
"Right","PARH","FSLong",5.60451039508947
"Right","PARH","FSLong",6.77350347972187
"Right","PARH","ANTsNative",4.72105544400409
"Right","PARH","ANTsNative",4.25525063966266
"Right","PARH","ANTsNative",4.36866892984904
"Right","PARH","ANTsNative",5.06181826172578
"Right","PARH","ANTsNative",5.65194849300852
"Right","PARH","ANTsNative",5.22054108538127
"Right","PARH","ANTsNative",5.99702737289623
"Right","PARH","ANTsNative",4.44355245772744
"Right","PARH","ANTsNative",4.01815862066779
"Right","PARH","ANTsNative",5.18767244828395
"Right","PARH","ANTsNative",5.41485465158449
"Right","PARH","ANTsNative",4.63490224022081
"Right","PARH","ANTsNative",5.06417444323907
"Right","PARH","ANTsNative",5.43702880987698
"Right","PARH","ANTsNative",5.06943346307849
"Right","PARH","ANTsNative",4.63160932840451
"Right","PARH","ANTsNative",5.83104946257734
"Right","PARH","ANTsNative",4.65853757934898
"Right","PARH","ANTsNative",4.80766816861009
"Right","PARH","ANTsNative",4.13032024325626
"Right","PARH","ANTsNative",5.37334204169458
"Right","PARH","ANTsNative",5.10125122314373
"Right","PARH","ANTsNative",5.41741857710483
"Right","PARH","ANTsNative",4.03848413833349
"Right","PARH","ANTsNative",3.61616296210562
"Right","PARH","ANTsNative",3.95143518493443
"Right","PARH","ANTsNative",5.69489723369701
"Right","PARH","ANTsNative",5.21646495662366
"Right","PARH","ANTsNative",4.3354165643436
"Right","PARH","ANTsNative",4.45075701146088
"Right","PARH","ANTsNative",4.81019018996342
"Right","PARH","ANTsNative",5.8842202937766
"Right","PARH","ANTsNative",4.05730067409852
"Right","PARH","ANTsNative",5.94969269630489
"Right","PARH","ANTsNative",3.62140627328296
"Right","PARH","ANTsNative",5.19605955576475
"Right","PARH","ANTsNative",4.61470149512349
"Right","PARH","ANTsNative",4.58807273044499
"Right","PARH","ANTsNative",3.94602469738547
"Right","PARH","ANTsNative",4.57518185111357
"Right","PARH","ANTsNative",4.05127501178398
"Right","PARH","ANTsNative",4.48452734335896
"Right","PARH","ANTsNative",5.41561839050314
"Right","PARH","ANTsNative",6.5870717369349
"Right","PARH","ANTsNative",4.59253214287303
"Right","PARH","ANTsNative",3.75850668949214
"Right","PARH","ANTsNative",4.14714147544865
"Right","PARH","ANTsNative",4.16997249422089
"Right","PARH","ANTsNative",4.26066625614217
"Right","PARH","ANTsNative",3.94904776579307
"Right","PARH","ANTsNative",5.50054460703956
"Right","PARH","ANTsNative",3.41759544751246
"Right","PARH","ANTsNative",5.75892976643509
"Right","PARH","ANTsNative",3.90529421060429
"Right","PARH","ANTsNative",4.96707426593314
"Right","PARH","ANTsNative",4.84176791467167
"Right","PARH","ANTsNative",4.19463433092877
"Right","PARH","ANTsNative",5.15664955985018
"Right","PARH","ANTsNative",5.35980733407725
"Right","PARH","ANTsNative",5.37458572760915
"Right","PARH","ANTsNative",4.82745800264196
"Right","PARH","ANTsNative",4.30955254571377
"Right","PARH","ANTsNative",5.75377629444796
"Right","PARH","ANTsNative",6.46904847517892
"Right","PARH","ANTsNative",4.49856133341007
"Right","PARH","ANTsNative",4.53792549486704
"Right","PARH","ANTsNative",5.58578126526652
"Right","PARH","ANTsNative",5.54510992021393
"Right","PARH","ANTsNative",4.99372910411929
"Right","PARH","ANTsNative",4.89222296470046
"Right","PARH","ANTsNative",4.89898398174106
"Right","PARH","ANTsNative",4.09798117788184
"Right","PARH","ANTsNative",4.91022373650957
"Right","PARH","ANTsNative",5.26920506967198
"Right","PARH","ANTsNative",4.85750329923952
"Right","PARH","ANTsNative",4.64200966546134
"Right","PARH","ANTsNative",5.12792663026079
"Right","PARH","ANTsNative",4.55666630536181
"Right","PARH","ANTsNative",5.33130392050204
"Right","PARH","ANTsNative",5.10581622305259
"Right","PARH","ANTsNative",5.47823823004027
"Right","PARH","ANTsNative",3.39604321294345
"Right","PARH","ANTsNative",5.6307832216209
"Right","PARH","ANTsNative",4.40338414256829
"Right","PARH","ANTsNative",3.66930832164233
"Right","PARH","ANTsNative",5.04343808664017
"Right","PARH","ANTsNative",3.23688667337915
"Right","PARH","ANTsNative",3.91875296640175
"Right","PARH","ANTsNative",4.4966606864814
"Right","PARH","ANTsNative",6.27264798393408
"Right","PARH","ANTsNative",5.72244829282439
"Right","PARH","ANTsNative",5.72460166759731
"Right","PARH","ANTsNative",4.33184792109038
"Right","PARH","ANTsNative",4.49997681104746
"Right","PARH","ANTsNative",4.74120139490454
"Right","PARH","ANTsNative",5.27131971686399
"Right","PARH","ANTsNative",4.50685772563234
"Right","PARH","ANTsNative",5.61957365979052
"Right","PARH","ANTsNative",5.22317816214966
"Right","PARH","ANTsNative",6.59862736922545
"Right","PARH","ANTsSST",4.64194581815955
"Right","PARH","ANTsSST",4.09046627667643
"Right","PARH","ANTsSST",4.40183664781962
"Right","PARH","ANTsSST",5.02988029340407
"Right","PARH","ANTsSST",5.58052843431321
"Right","PARH","ANTsSST",5.16927138406974
"Right","PARH","ANTsSST",5.92581746272447
"Right","PARH","ANTsSST",4.50308912834801
"Right","PARH","ANTsSST",4.01298857226278
"Right","PARH","ANTsSST",5.19196013333764
"Right","PARH","ANTsSST",5.41970675796195
"Right","PARH","ANTsSST",4.61959588650258
"Right","PARH","ANTsSST",4.9742171563726
"Right","PARH","ANTsSST",5.37394009149515
"Right","PARH","ANTsSST",5.02965528313198
"Right","PARH","ANTsSST",4.61293831578513
"Right","PARH","ANTsSST",5.77553556378619
"Right","PARH","ANTsSST",4.65400838053077
"Right","PARH","ANTsSST",4.74316235152218
"Right","PARH","ANTsSST",4.11942306683782
"Right","PARH","ANTsSST",5.34424755052508
"Right","PARH","ANTsSST",5.08485740464143
"Right","PARH","ANTsSST",5.37889035094255
"Right","PARH","ANTsSST",4.03664206181311
"Right","PARH","ANTsSST",3.5833215513065
"Right","PARH","ANTsSST",4.0417459563644
"Right","PARH","ANTsSST",5.65961741628815
"Right","PARH","ANTsSST",5.22265759317971
"Right","PARH","ANTsSST",4.29646732458139
"Right","PARH","ANTsSST",4.40734193545611
"Right","PARH","ANTsSST",4.82401013316477
"Right","PARH","ANTsSST",5.85207973317506
"Right","PARH","ANTsSST",4.08434145430622
"Right","PARH","ANTsSST",5.94233379479594
"Right","PARH","ANTsSST",3.63523564468638
"Right","PARH","ANTsSST",5.1662262278909
"Right","PARH","ANTsSST",4.63791993239924
"Right","PARH","ANTsSST",4.61639282665195
"Right","PARH","ANTsSST",3.90647925823249
"Right","PARH","ANTsSST",4.56376533672023
"Right","PARH","ANTsSST",4.00443769554615
"Right","PARH","ANTsSST",4.45809589896501
"Right","PARH","ANTsSST",5.37138889273536
"Right","PARH","ANTsSST",6.55589561610353
"Right","PARH","ANTsSST",4.60373536951155
"Right","PARH","ANTsSST",3.7293646909695
"Right","PARH","ANTsSST",4.11207220835913
"Right","PARH","ANTsSST",4.08943866383981
"Right","PARH","ANTsSST",4.24168025710938
"Right","PARH","ANTsSST",3.96079628963781
"Right","PARH","ANTsSST",5.47250539763386
"Right","PARH","ANTsSST",3.32973827939526
"Right","PARH","ANTsSST",5.73667550818976
"Right","PARH","ANTsSST",3.90525413369007
"Right","PARH","ANTsSST",4.95888965510488
"Right","PARH","ANTsSST",4.79089499900584
"Right","PARH","ANTsSST",4.18785670443763
"Right","PARH","ANTsSST",5.10190474581896
"Right","PARH","ANTsSST",5.34976878055071
"Right","PARH","ANTsSST",5.34191823007493
"Right","PARH","ANTsSST",4.78263743553883
"Right","PARH","ANTsSST",4.32558227326088
"Right","PARH","ANTsSST",5.72394899360136
"Right","PARH","ANTsSST",6.43522322328809
"Right","PARH","ANTsSST",4.45719790615508
"Right","PARH","ANTsSST",4.54429291791247
"Right","PARH","ANTsSST",5.50063262618827
"Right","PARH","ANTsSST",5.52144879332525
"Right","PARH","ANTsSST",5.00520739065647
"Right","PARH","ANTsSST",4.81882234471585
"Right","PARH","ANTsSST",4.88115274814589
"Right","PARH","ANTsSST",4.0821447275482
"Right","PARH","ANTsSST",4.88212744359796
"Right","PARH","ANTsSST",5.23933192700326
"Right","PARH","ANTsSST",4.84062008096835
"Right","PARH","ANTsSST",4.54971057321963
"Right","PARH","ANTsSST",5.11465542059551
"Right","PARH","ANTsSST",4.55266156039421
"Right","PARH","ANTsSST",5.28325937719222
"Right","PARH","ANTsSST",5.14222290357815
"Right","PARH","ANTsSST",5.48739719318481
"Right","PARH","ANTsSST",3.3890135112953
"Right","PARH","ANTsSST",5.56305450667014
"Right","PARH","ANTsSST",4.37240508831452
"Right","PARH","ANTsSST",3.66775857755183
"Right","PARH","ANTsSST",5.00812724682061
"Right","PARH","ANTsSST",3.20891436640468
"Right","PARH","ANTsSST",3.95035549410415
"Right","PARH","ANTsSST",4.47517333455693
"Right","PARH","ANTsSST",6.22278912082344
"Right","PARH","ANTsSST",5.67380059049216
"Right","PARH","ANTsSST",5.67724436249309
"Right","PARH","ANTsSST",4.29114594902468
"Right","PARH","ANTsSST",4.46178559072479
"Right","PARH","ANTsSST",4.76584879497619
"Right","PARH","ANTsSST",5.24642949072326
"Right","PARH","ANTsSST",4.49281601979365
"Right","PARH","ANTsSST",5.57907627031524
"Right","PARH","ANTsSST",5.21522805495198
"Right","PARH","ANTsSST",6.55278221467315
